Afternoon, Evening, Date
YouTube,Python,13/03/2021
The Elder Scrolls V Skyrim,Middle-earth Shadow of Mordor,12/03/2021
Fallout 4,RUNNING WITH RIFLES,11/03/2021
Spore,Deus Ex Human Revolution - Director's Cut,10/03/2021
Fallout New Vegas,Batman Arkham City GOTY,09/03/2021
Left 4 Dead 2,Tropico 4,08/03/2021
YouTube,Python,2021-03-13
Reading,Python,2021-03-13
Python,Reading,2021-03-13
YouTube,Reading,2021-03-13
YouTube,Reading,2021-03-13
Reading,Python,2021-03-13
Python,YouTube,2021-03-13
Reading,Python,2021-03-13
YouTube,Python,2021-03-13
YouTube,Reading,2021-03-13
Python,Reading,2021-03-13
Reading,Python,2021-03-13
Reading,Python,2021-03-13
Reading,Python,2021-03-13
Reading,Python,2021-03-13

Python,YouTube,2021-03-14
